Persona Name,Last delivered date (impr>0),Overall impressions till date,Key Value(s) (Persona ID),Days since last delivered,Status / Note,Recommendation
Test Engineer,,,,,No mapping in Key Values tab,Review - no key value mapped
Global Knowledge Audience,2026-06-02,2781316,2996,1,Active,Keep - active
Adjacent Interest Audiences,,0,2995,,Mapped but no GAM delivery,REMOVE - never delivered (0 impressions)
"Younger, Discovery-Driven Audiences",2026-06-02,868130,2994,1,Active,Keep - active
Cultural Mass,2026-06-02,1212820,2992,1,Active,Keep - active
Global News Consumer,,,,,No mapping in Key Values tab,Review - no key value mapped
Driven Competitor,,,,,No mapping in Key Values tab,Review - no key value mapped
Value-Driven Researcher,,,,,No mapping in Key Values tab,Review - no key value mapped
Luxury Leisure Traveler,,,,,No mapping in Key Values tab,Review - no key value mapped
Executive Traveler,,,,,No mapping in Key Values tab,Review - no key value mapped
Budget Traveler,,,,,No mapping in Key Values tab,Review - no key value mapped
Mature Man,,,,,No mapping in Key Values tab,Review - no key value mapped
Food and Wine Enthusiast,,,,,No mapping in Key Values tab,Review - no key value mapped
Small Business Creator,,,,,No mapping in Key Values tab,Review - no key value mapped
Luxury Fashion Enthusiast,,,,,No mapping in Key Values tab,Review - no key value mapped
Finance Executive,,,,,No mapping in Key Values tab,Review - no key value mapped
Lifelong Learner,,,,,No mapping in Key Values tab,Review - no key value mapped
Modern Professional,,,,,No mapping in Key Values tab,Review - no key value mapped
Spirits Enthusiast,,,,,No mapping in Key Values tab,Review - no key value mapped
Cultural Explorer,,,,,No mapping in Key Values tab,Review - no key value mapped
Investor,,,,,No mapping in Key Values tab,Review - no key value mapped
Engaged Patient,,,,,No mapping in Key Values tab,Review - no key value mapped
Healthcare Professional,,,,,No mapping in Key Values tab,Review - no key value mapped
Policy Influencer,,,,,No mapping in Key Values tab,Review - no key value mapped
Health Professional,,,,,No mapping in Key Values tab,Review - no key value mapped
Healthy Business Dad,,,,,No mapping in Key Values tab,Review - no key value mapped
Seoul Traveler,,,,,No mapping in Key Values tab,Review - no key value mapped
K-Travel Enthusiast,,,,,No mapping in Key Values tab,Review - no key value mapped
American Dreamer,,,,,No mapping in Key Values tab,Review - no key value mapped
Sports Traveler,,,,,No mapping in Key Values tab,Review - no key value mapped
C-Suite Innovator,,,,,No mapping in Key Values tab,Review - no key value mapped
Government Decision Maker,,,,,No mapping in Key Values tab,Review - no key value mapped
Professional Service Provider,,,,,No mapping in Key Values tab,Review - no key value mapped
Freedom Seeker,,,,,No mapping in Key Values tab,Review - no key value mapped
Cancer Patient Advocate,,,,,No mapping in Key Values tab,Review - no key value mapped
Innovation Executive,2026-06-02,136520789,1207,1,Active,Keep - active
AMC+ Cultural Observer,,,,,No mapping in Key Values tab,Review - no key value mapped
C-Suite Innovator,,,,,No mapping in Key Values tab,Review - no key value mapped
Social Advocate,,,,,No mapping in Key Values tab,Review - no key value mapped
Equality Advocate,,,,,No mapping in Key Values tab,Review - no key value mapped
Science Enthusiast,,,,,No mapping in Key Values tab,Review - no key value mapped
Cultural Enthusiast,,,,,No mapping in Key Values tab,Review - no key value mapped
Family Protector,,,,,No mapping in Key Values tab,Review - no key value mapped
Food Industry Decision Maker,,,,,No mapping in Key Values tab,Review - no key value mapped
Girl Scout Parent,,,,,No mapping in Key Values tab,Review - no key value mapped
Retirement Planner,,,,,No mapping in Key Values tab,Review - no key value mapped
Wealthy Retiree,,,,,No mapping in Key Values tab,Review - no key value mapped
Adventure Traveler,2026-06-02,1746229,1742,1,Active,Keep - active
Sustainability Executive,2026-06-02,1094546,1696,1,Active,Keep - active
Home Improvement Enthusiast,,0,1693,,Mapped but no GAM delivery,REMOVE - never delivered (0 impressions)
Proud Homeowner,,0,1691,,Mapped but no GAM delivery,REMOVE - never delivered (0 impressions)
Relational Loyalists,2026-06-02,10206520,1681,1,Active,Keep - active
Selective Seekers,2026-06-02,12130175,1680,1,Active,Keep - active
Efficient Economist,2026-06-02,9279708,1678,1,Active,Keep - active
Tech-Enhanced Experiencers,2026-06-02,45624428,1677,1,Active,Keep - active
Asset Managers & Owners,2026-06-02,4425180,1672,1,Active,Keep - active
Tech and Healthcare Founder,2026-06-02,23110450,1671,1,Active,Keep - active
Wealthy Investor,2026-06-02,4334164,"1670, 1027",1,Active,Keep - active
Corporate Decision Maker (Morgan Stanley),2026-06-02,2846653,1669,1,Active,Keep - active
Affluent Investor,2026-06-02,25105048,"1645, 929",1,Active,Keep - active
Golfing Dad,2026-06-02,2618331,1625,1,Active,Keep - active
Home Chef,,0,"1624, 1623",,Mapped but no GAM delivery,REMOVE - never delivered (0 impressions)
Home Chef,,0,"1624, 1623",,Mapped but no GAM delivery,REMOVE - never delivered (0 impressions)
Homeowner DIYer,,0,1622,,Mapped but no GAM delivery,REMOVE - never delivered (0 impressions)
Heart Health Advocate,,0,1599,,Mapped but no GAM delivery,REMOVE - never delivered (0 impressions)
Cardiology Advocate,,0,1598,,Mapped but no GAM delivery,REMOVE - never delivered (0 impressions)
AI Developer,2026-06-02,26844148,1565,1,Active,Keep - active
Security Executives,,0,1551,,Mapped but no GAM delivery,REMOVE - never delivered (0 impressions)
Strategic Business Analyst,2026-06-02,1401456,1550,1,Active,Keep - active
Marketing Professional,2026-06-02,2804693,1548,1,Active,Keep - active
Business Decision Maker,2026-06-02,21604292,1546,1,Active,Keep - active
iWorkers,,0,1545,,Mapped but no GAM delivery,REMOVE - never delivered (0 impressions)
Affluent Frequent Traveler,2026-06-02,3885517,1526,1,Active,Keep - active
Anniversary Seeker,,0,1513,,Mapped but no GAM delivery,REMOVE - never delivered (0 impressions)
Collectors,,0,1512,,Mapped but no GAM delivery,REMOVE - never delivered (0 impressions)
Pro-America Believers,,0,1511,,Mapped but no GAM delivery,REMOVE - never delivered (0 impressions)
Small Business Tax Advisor,,0,1483,,Mapped but no GAM delivery,REMOVE - never delivered (0 impressions)
Chronic Condition Sufferer,,0,1472,,Mapped but no GAM delivery,REMOVE - never delivered (0 impressions)
Policy Maker,2026-06-02,13415287,1471,1,Active,Keep - active
Advocate,2026-06-02,8970093,1470,1,Active,Keep - active
Caregiver,,0,1469,,Mapped but no GAM delivery,REMOVE - never delivered (0 impressions)
Budget Family Traveler,2026-06-02,226863,1392,1,Active,Keep - active
Mature Male,2026-06-02,14317623,1390,1,Active,Keep - active
Health-Conscious Viewer,,0,1314,,Mapped but no GAM delivery,REMOVE - never delivered (0 impressions)
Refined Tech Pioneer,2026-06-02,26752887,1269,1,Active,Keep - active
Early Tech Adopter,2026-06-02,74608201,"238, 1268",1,Active,Keep - active
Lexus Innovative Collectivists,2026-06-02,43943928,1260,1,Active,Keep - active
Connecting Discoverer,2026-06-02,49935832,1256,1,Active,Keep - active
Preserving Researcher,2026-06-02,8107783,1255,1,Active,Keep - active
Culturally Curious Indulger,2026-06-02,3842987,1208,1,Active,Keep - active
Innovation Executive,2026-06-02,136520789,1207,1,Active,Keep - active
Mystery Enthusiast,2026-06-02,14468034,1205,1,Active,Keep - active
Enterprise IT Decision Maker,2026-06-02,155487251,"1162, 1161, 1160",1,Active,Keep - active
Enterprise IT Decision Maker,2026-06-02,155487251,"1162, 1161, 1160",1,Active,Keep - active
Enterprise IT Decision Maker,2026-06-02,155487251,"1162, 1161, 1160",1,Active,Keep - active
Budget Fashionista,,0,1159,,Mapped but no GAM delivery,REMOVE - never delivered (0 impressions)
Policy Leader,2026-06-02,4716972,1112,1,Active,Keep - active
Finance Influencer,2026-06-02,3611887,1111,1,Active,Keep - active
"CIOs, CEO, CHROs",2026-06-02,6689120,1110,1,Active,Keep - active
Higher Education Leader,,0,1108,,Mapped but no GAM delivery,REMOVE - never delivered (0 impressions)
Small Business Owner,2026-06-02,1544569,1086,1,Active,Keep - active
Gadget Enthusiast,,0,1080,,Mapped but no GAM delivery,REMOVE - never delivered (0 impressions)
Adventure Seeker,2026-06-02,1812289,1056,1,Active,Keep - active
Wealthy Investor,2026-06-02,4334164,"1670, 1027",1,Active,Keep - active
Financial Analyst,,0,1026,,Mapped but no GAM delivery,REMOVE - never delivered (0 impressions)
Budget-Conscious Parent,2026-06-02,2145027,941,1,Active,Keep - active
Active Citizen Parent,2026-06-02,3910946,940,1,Active,Keep - active
Community-Focused Teacher,2026-06-02,1811243,939,1,Active,Keep - active
Affluent Professional,2026-06-02,8219172,930,1,Active,Keep - active
Affluent Investor,2026-06-02,25105048,"1645, 929",1,Active,Keep - active
High-Profile Investor,2026-06-02,4120303,909,1,Active,Keep - active
Food Enthusiast,,0,905,,Mapped but no GAM delivery,REMOVE - never delivered (0 impressions)
NGO Leader,2026-06-02,2515184,846,1,Active,Keep - active
African Leader,2026-06-02,11407262,845,1,Active,Keep - active
Health Conscious Adult,,0,838,,Mapped but no GAM delivery,REMOVE - never delivered (0 impressions)
AI Platform User,2026-06-02,53439303,724,1,Active,Keep - active
Empowered Midlife Woman,2026-06-02,16509021,721,1,Active,Keep - active
Fitness Enthusiast,2026-06-01,11981726,687,2,Active,Keep - active
Financial Wellness Seeker,2026-06-02,55593628,684,1,Active,Keep - active
Sustainability Leader,2026-06-02,35955070,667,1,Active,Keep - active
Latino Executive,2026-06-02,8021212,654,1,Active,Keep - active
Corporate Decarbonizer,2026-06-02,4937998,650,1,Active,Keep - active
Sustainable Entrepreneur,2026-06-02,3681701,649,1,Active,Keep - active
Nature Advocate,2026-06-02,7669499,648,1,Active,Keep - active
Climate Enthusiast,2026-06-02,65555913,647,1,Active,Keep - active
Tennis Enthusiast,2026-06-02,5272350,645,1,Active,Keep - active
Cruise Intender,2026-06-02,538353,644,1,Active,Keep - active
Affluent Individual,2026-06-02,16442611,640,1,Active,Keep - active
Tax-Savvy Entrepreneur,,0,634,,Mapped but no GAM delivery,REMOVE - never delivered (0 impressions)
Frontline & Essential Workers,2026-06-02,10138396,564,1,Active,Keep - active
Eco-Conscious Investor,2026-06-02,7378550,553,1,Active,Keep - active
R&D Decision-Maker,2026-06-02,35980886,552,1,Active,Keep - active
Supply Chain Decision-Maker,2026-06-02,4854962,550,1,Active,Keep - active
Business IT Decision Maker,2026-06-02,14814963,545,1,Active,Keep - active
Key U.K. Opinion Leaders,2026-06-02,23301147,514,1,Active,Keep - active
Key U.S. Opinion Leaders,2026-06-02,51904821,513,1,Active,Keep - active
Logistics Coordinator,2026-06-02,1209198,511,1,Active,Keep - active
B2B Audience,2026-06-02,1171587,510,1,Active,Keep - active
Future Forward Leader,2026-06-02,72289960,504,1,Active,Keep - active
Pop Culture Enthusiast,2026-06-02,30297091,498,1,Active,Keep - active
Employee Advocate,2026-06-02,35810329,492,1,Active,Keep - active
Healthcare Innovator,2026-06-02,104015805,"491, 477",1,Active,Keep - active
Innovation Leader,2026-06-02,374184672,"490, 474",1,Active,Keep - active
World Traveler,2026-06-02,344377560,483,1,Active,Keep - active
Healthcare Innovator,2026-06-02,104015805,"491, 477",1,Active,Keep - active
AI Enthusiasts,2026-06-02,203541649,476,1,Active,Keep - active
Innovation Leader,2026-06-02,374184672,"490, 474",1,Active,Keep - active
Icon Emulators,2026-06-02,24257992,473,1,Active,Keep - active
Influencer Enthusiast,2026-06-02,54548554,472,1,Active,Keep - active
Rising Star Enthusiasts,2026-06-02,49339628,464,1,Active,Keep - active
Political Enthusiast,,0,460,,Mapped but no GAM delivery,REMOVE - never delivered (0 impressions)
Sustainability Advocate,2026-06-02,77156952,458,1,Active,Keep - active
Sustainability-Oriented Executive,2026-06-02,6410217,446,1,Active,Keep - active
Sustainability-Focused Executive,2026-06-02,7751991,445,1,Active,Keep - active
Strategic Leader,2026-06-02,395467431,425,1,Active,Keep - active
Impact-Driven Investor,2026-06-02,26244519,422,1,Active,Keep - active
Dedicated Healthcare Professional,2026-06-02,33238331,421,1,Active,Keep - active
Strategic Executive,2026-06-02,240185318,420,1,Active,Keep - active
Technology Leader,2026-06-02,111551614,418,1,Active,Keep - active
Mental Health Innovator,2026-06-02,62926071,417,1,Active,Keep - active
State of the Art Savvies,2026-06-02,278120307,393,1,Active,Keep - active
DC Policy Makers,2026-06-02,13870845,392,1,Active,Keep - active
Star Wars Ice Cream Enthusiast,,0,387,,Mapped but no GAM delivery,REMOVE - never delivered (0 impressions)
Corporate Executive,2026-06-02,170732694,372,1,Active,Keep - active
C-Suite Leader,2026-06-02,165361912,371,1,Active,Keep - active
Business Leader,2026-06-02,40822997,370,1,Active,Keep - active
Horror and Pickle Enthusiast,,0,326,,Mapped but no GAM delivery,REMOVE - never delivered (0 impressions)
Automotive Adventure Seeker,2026-06-02,6454207,312,1,Active,Keep - active
Eco-Conscious Executive,2026-06-02,7879841,310,1,Active,Keep - active
The Remote Professional,2026-06-02,34018006,280,1,Active,Keep - active
Digital Creator,2026-06-02,52003286,279,1,Active,Keep - active
Tech Enthusiast,2026-06-02,52135068,278,1,Active,Keep - active
Tech Decision Maker,2026-06-02,42555553,277,1,Active,Keep - active
DIY Enthusiast,2026-06-02,3432644,276,1,Active,Keep - active
Active Seniors,2026-06-02,44171641,273,1,Active,Keep - active
Healthcare Strategist,2026-06-02,23531588,272,1,Active,Keep - active
Health-Conscious Individual,2026-06-02,59296375,271,1,Active,Keep - active
Influencer-Inspired Consumer,2026-06-02,48963448,270,1,Active,Keep - active
Influencer-Inspired Trendsetter,2026-06-02,31441725,269,1,Active,Keep - active
Safety-Focused Family Buyer,2026-06-02,51540510,268,1,Active,Keep - active
Practical Starter,2026-06-02,9793046,267,1,Active,Keep - active
Engaged Podcast Enthusiast,2026-06-02,51047144,266,1,Active,Keep - active
Avid Sports Enthusiast,2026-06-02,20181067,263,1,Active,Keep - active
Digital Content Creator,2026-06-02,12799311,262,1,Active,Keep - active
Pop Culture Aficionado,2026-06-02,24629115,260,1,Active,Keep - active
Streaming Enthusiast,2026-06-02,43336874,259,1,Active,Keep - active
Avid Traveler,2026-06-02,16753857,257,1,Active,Keep - active
Family Vacationers,2026-06-02,6232493,256,1,Active,Keep - active
Budget-Conscious Explorer,2026-06-02,4483295,255,1,Active,Keep - active
Frequent Business Traveler,2026-06-02,46263173,254,1,Active,Keep - active
Adventure Enthusiasts,2026-06-02,7022129,252,1,Active,Keep - active
Luxury Traveler,2026-06-02,7405684,251,1,Active,Keep - active
Sustainable Vehicle Advocate,2026-06-02,10799859,250,1,Active,Keep - active
Tech Aficionado,2026-06-02,49659501,249,1,Active,Keep - active
Luxury Enthusiast,2026-06-02,29082310,248,1,Active,Keep - active
Affluent Connoisseur,2026-06-02,4465174,245,1,Active,Keep - active
Health and Wellness Enthusiast,2026-06-02,42509324,242,1,Active,Keep - active
Authentic Digital Shoppers,2026-06-02,10822224,241,1,Active,Keep - active
Health Enthusiast,2026-06-02,44396055,240,1,Active,Keep - active
Thrifty Shoppers,2026-06-02,8873455,239,1,Active,Keep - active
Early Tech Adopter,2026-06-02,74608201,"238, 1268",1,Active,Keep - active
Passionate Gamer,2026-06-02,13473256,237,1,Active,Keep - active
Early-Career Professional,2026-06-02,39272509,234,1,Active,Keep - active
Dedicated Small Business Owner,2026-06-02,23580328,233,1,Active,Keep - active
Retirement Ready,2026-06-02,49626680,232,1,Active,Keep - active
Tech-Savvy Investor,2026-06-02,32873393,231,1,Active,Keep - active
Luxury Connoisseur,2026-06-02,19409489,230,1,Active,Keep - active
Eco-conscious Shopper,2026-06-02,11967200,229,1,Active,Keep - active
On-the-Go Consumer,,0,228,,Mapped but no GAM delivery,REMOVE - never delivered (0 impressions)
Budget-Conscious Family,2026-06-02,7101190,227,1,Active,Keep - active
Wellness Enthusiast,2026-06-02,49566024,226,1,Active,Keep - active
Family-Centric Parent,2026-06-02,33468528,220,1,Active,Keep - active
